count,from,to,timeframe,start,end
1,iwandinii,bankbri_id,1,1/11/2021 4:28,1/19/2021 23:07
2,iwandinii,kemenbumn,1,1/11/2021 4:28,1/19/2021 23:07
3,hanurob,kemenbumn,2,1/11/2021 4:45,1/19/2021 23:07
4,hanurob,bankbri_id,2,1/11/2021 4:45,1/19/2021 23:07
5,sakusarsaku,kemenbumn,3,1/11/2021 4:50,1/19/2021 23:07
6,sakusarsaku,bankbri_id,3,1/11/2021 4:50,1/19/2021 23:07
7,kimcipedes,polres_bandung,4,1/11/2021 5:34,1/19/2021 23:07
8,kimcipedes,humaspoldajbr,4,1/11/2021 5:34,1/19/2021 23:07
9,kimcipedes,restabes_bdg,4,1/11/2021 5:34,1/19/2021 23:07
10,kimcipedes,divhumas_polri,4,1/11/2021 5:34,1/19/2021 23:07
11,adinipri,m_newsid,5,1/11/2021 5:57,1/19/2021 23:07
12,djpb_aceh,irwansst,6,1/11/2021 6:54,1/19/2021 23:07
13,robertadhiksp,hariankompas,7,1/11/2021 9:00,1/19/2021 23:07
14,ayielestari89,dinaskukmbabel,8,1/11/2021 17:41,1/19/2021 23:07
15,pedoman_id,pedoman_id,9,1/11/2021 18:57,1/19/2021 23:07
16,pedoman_id,fadjroel,9,1/11/2021 18:57,1/19/2021 23:07
17,pedoman_id,jubirpresidenri,9,1/11/2021 18:57,1/19/2021 23:07
18,pedoman_id,kemenpu,9,1/11/2021 18:57,1/19/2021 23:07
19,pedoman_id,perekonomianri,9,1/11/2021 18:57,1/19/2021 23:07
20,pedoman_id,jokowinomics_id,9,1/11/2021 18:57,1/19/2021 23:07
21,pedoman_id,kemenkeuri,9,1/11/2021 18:57,1/19/2021 23:07
22,demokrasicoid,demokrasicoid,10,1/11/2021 22:01,1/19/2021 23:07
23,koranbumn,perekonomianri,11,1/11/2021 22:24,1/19/2021 23:07
24,koranbumn,kemenkeuri,11,1/11/2021 22:24,1/19/2021 23:07
25,koranbumn,kemenkopukm,11,1/11/2021 22:24,1/19/2021 23:07
26,sunandarps,ratihtwijaya1,12,1/12/2021 0:30,1/19/2021 23:07
27,sunandarps,fadjroel,12,1/12/2021 0:30,1/19/2021 23:07
28,sunandarps,jubirpresidenri,12,1/12/2021 0:30,1/19/2021 23:07
29,sunandarps,kemenpu,12,1/12/2021 0:30,1/19/2021 23:07
30,sunandarps,perekonomianri,12,1/12/2021 0:30,1/19/2021 23:07
31,sunandarps,jokowinomics_id,12,1/12/2021 0:30,1/19/2021 23:07
32,sunandarps,kemenbumn,12,1/12/2021 0:30,1/19/2021 23:07
33,sunandarps,pedoman_id,12,1/12/2021 0:30,1/19/2021 23:07
34,reyesandi56,gisel_la,13,1/12/2021 2:01,1/19/2021 23:07
35,anestimaya,jalinmerapi,13,1/12/2021 2:01,1/19/2021 23:07
36,reyesandi56,tasyakamila,13,1/12/2021 2:01,1/19/2021 23:07
37,anestimaya,tentangsolo,13,1/12/2021 2:01,1/19/2021 23:07
38,reyesandi56,devamahenra,13,1/12/2021 2:01,1/19/2021 23:07
39,anestimaya,info_solo,13,1/12/2021 2:01,1/19/2021 23:07
40,reyesandi56,okaantara,13,1/12/2021 2:01,1/19/2021 23:07
41,anestimaya,suwikipedia,13,1/12/2021 2:01,1/19/2021 23:07
42,auli4zahra,airlangga_hrt,14,1/12/2021 2:10,1/19/2021 23:07
43,auli4zahra,sanjayaluv,14,1/12/2021 2:10,1/19/2021 23:07
44,auli4zahra,adhetora,14,1/12/2021 2:10,1/19/2021 23:07
45,auli4zahra,marshaaruan,14,1/12/2021 2:10,1/19/2021 23:07
46,forumsumbar,info_dpdri,15,1/12/2021 2:30,1/19/2021 23:07
47,forumsumbar,kemendag,15,1/12/2021 2:30,1/19/2021 23:07
48,forumsumbar,koncolanyalla,15,1/12/2021 2:30,1/19/2021 23:07
49,forumsumbar,lanyalla_news,15,1/12/2021 2:30,1/19/2021 23:07
50,forumsumbar,fparlemen,15,1/12/2021 2:30,1/19/2021 23:07
51,forumsumbar,info_senator,15,1/12/2021 2:30,1/19/2021 23:07
52,forumsumbar,kemenpu,15,1/12/2021 2:30,1/19/2021 23:07
53,forumsumbar,lanyallamm1,15,1/12/2021 2:30,1/19/2021 23:07
54,forumsumbar,dpdri,15,1/12/2021 2:30,1/19/2021 23:07
55,forumsumbar,sahabatlanyalla,15,1/12/2021 2:30,1/19/2021 23:07
56,bertahta_dihati,dpdri,16,1/12/2021 3:11,1/19/2021 23:07
57,radiomercury96,radiomercury96,17,1/12/2021 3:24,1/19/2021 23:07
58,lanyalla_news,kemenpu,18,1/12/2021 4:22,1/19/2021 23:07
59,lanyalla_news,lanyallamm1,18,1/12/2021 4:22,1/19/2021 23:07
60,lanyalla_news,dpdri,18,1/12/2021 4:22,1/19/2021 23:07
61,lanyalla_news,sahabatlanyalla,18,1/12/2021 4:22,1/19/2021 23:07
62,lanyalla_news,fparlemen,18,1/12/2021 4:22,1/19/2021 23:07
63,lanyalla_news,kemendag,18,1/12/2021 4:22,1/19/2021 23:07
64,lanyalla_news,koncolanyalla,18,1/12/2021 4:22,1/19/2021 23:07
65,lanyalla_news,forumsumbar,18,1/12/2021 4:22,1/19/2021 23:07
66,lanyalla_news,info_senator,18,1/12/2021 4:22,1/19/2021 23:07
67,spiritsumbar,spiritsumbar,19,1/12/2021 5:37,1/19/2021 23:07
68,namekenotbleng,dpdri,20,1/12/2021 6:00,1/19/2021 23:07
69,namekenotbleng,info_dpdri,20,1/12/2021 6:00,1/19/2021 23:07
70,namekenotbleng,sahabatlanyalla,21,1/12/2021 6:04,1/19/2021 23:07
71,namekenotbleng,info_senator,21,1/12/2021 6:04,1/19/2021 23:07
72,namekenotbleng,kemendag,21,1/12/2021 6:04,1/19/2021 23:07
73,namekenotbleng,forumsumbar,21,1/12/2021 6:04,1/19/2021 23:07
74,namekenotbleng,kemenpu,21,1/12/2021 6:04,1/19/2021 23:07
75,namekenotbleng,fparlemen,21,1/12/2021 6:04,1/19/2021 23:07
76,namekenotbleng,koncolanyalla,21,1/12/2021 6:04,1/19/2021 23:07
77,namekenotbleng,dpdri,21,1/12/2021 6:04,1/19/2021 23:07
78,namekenotbleng,lanyallamm1,21,1/12/2021 6:04,1/19/2021 23:07
79,koncolanyalla,koncolanyalla,22,1/12/2021 6:34,1/19/2021 23:07
80,koncolanyalla,dpdri,22,1/12/2021 6:34,1/19/2021 23:07
81,koncolanyalla,sahabatlanyalla,22,1/12/2021 6:34,1/19/2021 23:07
82,koncolanyalla,fparlemen,22,1/12/2021 6:34,1/19/2021 23:07
83,koncolanyalla,kemenpu,22,1/12/2021 6:34,1/19/2021 23:07
84,koncolanyalla,lanyallamm1,22,1/12/2021 6:34,1/19/2021 23:07
85,koncolanyalla,forumsumbar,22,1/12/2021 6:34,1/19/2021 23:07
86,koncolanyalla,info_senator,22,1/12/2021 6:34,1/19/2021 23:07
87,koncolanyalla,kemendag,22,1/12/2021 6:34,1/19/2021 23:07
88,fansberat_inul,koncolanyalla,23,1/12/2021 6:52,1/19/2021 23:07
89,fansberat_inul,lanyalla_news,23,1/12/2021 6:52,1/19/2021 23:07
90,lanyalla_news,rmol_id,24,1/12/2021 7:13,1/19/2021 23:07
91,detikcom,detikfinance,25,1/12/2021 7:48,1/19/2021 23:07
92,fansberat_inul,dpdri,26,1/12/2021 8:14,1/19/2021 23:07
93,fansberat_inul,info_dpdri,26,1/12/2021 8:14,1/19/2021 23:07
94,dewaekayana,hariankompas,27,1/12/2021 23:31,1/19/2021 23:07
95,koncolanyalla,jpnncom,28,1/13/2021 0:49,1/19/2021 23:07
96,sing_ayudewe,jokowi,29,1/13/2021 2:08,1/19/2021 23:07
97,rohmansz,antaranews,30,1/13/2021 2:15,1/19/2021 23:07
98,rohmansz,rudyroedyanto,30,1/13/2021 2:15,1/19/2021 23:07
99,detikcom,detikfinance,31,1/13/2021 3:10,1/19/2021 23:07
100,wartatasikcom,pemkabtasik,32,1/13/2021 4:22,1/19/2021 23:07
101,island_zero,distan_pangan,33,1/13/2021 4:35,1/19/2021 23:07
102,island_zero,balebengong,33,1/13/2021 4:35,1/19/2021 23:07
103,island_zero,pemprovbali,33,1/13/2021 4:35,1/19/2021 23:07
104,humasjateng,dprdjatengprov,34,1/13/2021 4:50,1/19/2021 23:07
105,humasjateng,tajyasinmz,34,1/13/2021 4:50,1/19/2021 23:07
106,humasjateng,ganjarpranowo,34,1/13/2021 4:50,1/19/2021 23:07
107,cimotloy,rj4smine,35,1/13/2021 5:10,1/19/2021 23:07
108,cimotloy,ln,35,1/13/2021 5:10,1/19/2021 23:07
109,cimotloy,airlangga_hrt,35,1/13/2021 5:10,1/19/2021 23:07
110,aryprasetyo85,gus_raharjo,36,1/13/2021 6:06,1/19/2021 23:07
111,aryprasetyo85,podjiutami,36,1/13/2021 6:06,1/19/2021 23:07
112,tolakbigotnkri,je_ly,37,1/13/2021 8:17,1/19/2021 23:07
113,tolakbigotnkri,sentilin,37,1/13/2021 8:17,1/19/2021 23:07
114,tolakbigotnkri,mulanbilqis,37,1/13/2021 8:17,1/19/2021 23:07
115,tolakbigotnkri,ninjacir3ng,37,1/13/2021 8:17,1/19/2021 23:07
116,tolakbigotnkri,suharso_m,37,1/13/2021 8:17,1/19/2021 23:07
117,syahrudin_alam,jokowi,38,1/13/2021 8:32,1/19/2021 23:07
118,fentika_95,jokowi,39,1/13/2021 8:33,1/19/2021 23:07
119,meilasandi,jokowi,40,1/13/2021 8:33,1/19/2021 23:07
120,aprillagiaza,jokowi,41,1/13/2021 22:10,1/19/2021 23:07
121,mataindonesia8,jokowi,42,1/13/2021 22:40,1/19/2021 23:07
122,gamers163174946,rustriningsih,43,1/13/2021 22:44,1/19/2021 23:07
123,gamers163174946,ganjarpranowo,43,1/13/2021 22:44,1/19/2021 23:07
124,gamers163174946,tajyasinmz,43,1/13/2021 22:44,1/19/2021 23:07
125,4lakmi,prabowo,44,1/13/2021 22:53,1/19/2021 23:07
126,4lakmi,armandageraldy,44,1/13/2021 22:53,1/19/2021 23:07
127,4lakmi,rizariri,44,1/13/2021 22:53,1/19/2021 23:07
128,4lakmi,airlangga_hrt,44,1/13/2021 22:53,1/19/2021 23:07
129,sandra_hut,jokowi,45,1/13/2021 22:55,1/19/2021 23:07
130,atikamou2,fachroriumar,46,1/13/2021 22:59,1/19/2021 23:07
131,atikamou2,yaqutcqoumas,46,1/13/2021 22:59,1/19/2021 23:07
132,atikamou2,airlangga_hrt,46,1/13/2021 22:59,1/19/2021 23:07
133,atikamou2,garinfilm,46,1/13/2021 22:59,1/19/2021 23:07
134,uun_beo,mkidkido,47,1/13/2021 23:07,1/19/2021 23:07
135,uun_beo,bbcbreaking,47,1/13/2021 23:07,1/19/2021 23:07
136,uun_beo,taufikhidayat_1,47,1/13/2021 23:07,1/19/2021 23:07
137,uun_beo,airlangga_hrt,47,1/13/2021 23:07,1/19/2021 23:07
138,kemenperin_ri,ppatk,48,1/13/2021 23:11,1/19/2021 23:07
139,ongadiyon,kompascom,49,1/13/2021 23:12,1/19/2021 23:07
140,ongadiyon,berllian_5,49,1/13/2021 23:12,1/19/2021 23:07
141,ongadiyon,pungkyafrcia,49,1/13/2021 23:12,1/19/2021 23:07
142,udien_marbot,perekonomianri,50,1/13/2021 23:24,1/19/2021 23:07
143,chloepatra16,ellocogonzales9,51,1/13/2021 23:30,1/19/2021 23:07
144,chloepatra16,syabdaperkasa,51,1/13/2021 23:30,1/19/2021 23:07
145,chloepatra16,mridwan_eng,51,1/13/2021 23:30,1/19/2021 23:07
146,s0baris,sarahazkaa,52,1/13/2021 23:30,1/19/2021 23:07
147,s0baris,djalil_sofyan,52,1/13/2021 23:30,1/19/2021 23:07
148,s0baris,tajyasinmz,52,1/13/2021 23:30,1/19/2021 23:07
149,s0baris,airlangga_hrt,52,1/13/2021 23:30,1/19/2021 23:07
150,cokrovscoro,octo_maniani,53,1/13/2021 23:32,1/19/2021 23:07
151,cokrovscoro,ariesclimber,53,1/13/2021 23:32,1/19/2021 23:07
152,cokrovscoro,okezone,53,1/13/2021 23:32,1/19/2021 23:07
153,sulaimandarto,korantempo,54,1/13/2021 23:46,1/19/2021 23:07
154,sulaimandarto,irfanbachdim10,54,1/13/2021 23:46,1/19/2021 23:07
155,sulaimandarto,ndari_wae,54,1/13/2021 23:46,1/19/2021 23:07
156,iluniui_,univ_indonesia,55,1/14/2021 0:00,1/19/2021 23:07
157,newsurban_id,kemkominfo,56,1/14/2021 1:00,1/19/2021 23:07
158,newsurban_id,dewanpers,56,1/14/2021 1:00,1/19/2021 23:07
159,minakmegaow,jokowi,57,1/14/2021 1:43,1/19/2021 23:07
160,sastrogedek,jokowi,58,1/14/2021 1:56,1/19/2021 23:07
161,colinrohankw,jokowi,59,1/14/2021 2:03,1/19/2021 23:07
162,iyu5b,dayatpiliang,60,1/14/2021 2:32,1/19/2021 23:07
163,iyu5b,shemmd,60,1/14/2021 2:32,1/19/2021 23:07
164,iyu5b,airlangga_hrt,60,1/14/2021 2:32,1/19/2021 23:07
165,iyu5b,rezaphlv,60,1/14/2021 2:32,1/19/2021 23:07
166,garenghallu,jokowi,61,1/14/2021 2:33,1/19/2021 23:07
167,hermansanu,haruka_nkgw10,62,1/14/2021 2:47,1/19/2021 23:07
168,hermansanu,y_chikajkt48,62,1/14/2021 2:47,1/19/2021 23:07
169,hermansanu,alissawahid,62,1/14/2021 2:47,1/19/2021 23:07
170,sintiaamelia0,kemenbumn,63,1/14/2021 3:12,1/19/2021 23:07
171,sintiaamelia0,erickthohir,63,1/14/2021 3:12,1/19/2021 23:07
172,sintiaamelia0,dpr_ri,63,1/14/2021 3:12,1/19/2021 23:07
173,marselianasari,kemenbumn,64,1/14/2021 3:17,1/19/2021 23:07
174,kisman_psm,agungbudiasa1,65,1/14/2021 4:48,1/19/2021 23:07
175,kisman_psm,agung_ayu_alit,65,1/14/2021 4:48,1/19/2021 23:07
176,kisman_psm,jokowi,65,1/14/2021 4:48,1/19/2021 23:07
177,kisman_psm,agungfa45810356,65,1/14/2021 4:48,1/19/2021 23:07
178,kisman_psm,idewamadedarma3,65,1/14/2021 4:48,1/19/2021 23:07
179,jackh_007,jokowi,66,1/14/2021 5:38,1/19/2021 23:07
180,yurrinurnazz_,katadatacoid,67,1/14/2021 7:03,1/19/2021 23:07
181,auradamayanti16,a_lulujkt48,68,1/14/2021 7:42,1/19/2021 23:07
182,auradamayanti16,s_asheljkt48,68,1/14/2021 7:42,1/19/2021 23:07
183,auradamayanti16,g_vanyjkt48,68,1/14/2021 7:42,1/19/2021 23:07
184,leilamajnun1,julie_jkt48,69,1/14/2021 7:46,1/19/2021 23:07
185,leilamajnun1,nadila_jkt48,69,1/14/2021 7:46,1/19/2021 23:07
186,leilamajnun1,a_deyjkt48,69,1/14/2021 7:46,1/19/2021 23:07
187,geisha0v0,melodylaksani,70,1/14/2021 7:56,1/19/2021 23:07
188,geisha0v0,a_fionyjkt48,70,1/14/2021 7:56,1/19/2021 23:07
189,geisha0v0,titiradjopdmaja,70,1/14/2021 7:56,1/19/2021 23:07
190,rohmansz,a_afiqahjkt48,71,1/14/2021 7:59,1/19/2021 23:07
191,rohmansz,i_kathrinajkt48,71,1/14/2021 7:59,1/19/2021 23:07
192,rohmansz,s_nandajkt48,71,1/14/2021 7:59,1/19/2021 23:07
193,rohmansz,a_zeejkt48,71,1/14/2021 7:59,1/19/2021 23:07
194,hermansanu,desygenoveva_,72,1/14/2021 8:13,1/19/2021 23:07
195,hermansanu,celine_jkt48,72,1/14/2021 8:13,1/19/2021 23:07
196,hermansanu,gadiiing,72,1/14/2021 8:13,1/19/2021 23:07
197,hermansanu,olla_ramlan,72,1/14/2021 8:13,1/19/2021 23:07
198,sulaimandarto,c_nunujkt48,73,1/14/2021 8:29,1/19/2021 23:07
199,sulaimandarto,c_jesslynjkt48,73,1/14/2021 8:29,1/19/2021 23:07
200,sulaimandarto,d_shintajkt48,73,1/14/2021 8:29,1/19/2021 23:07
201,radioelshinta,polhukamri,74,1/14/2021 8:30,1/19/2021 23:07
202,ppnpekalongan,djpt_kkp,75,1/14/2021 8:31,1/19/2021 23:07
203,ppnpekalongan,pekalongankota,75,1/14/2021 8:31,1/19/2021 23:07
204,ppnpekalongan,ppnpekalongan,75,1/14/2021 8:31,1/19/2021 23:07
205,ppnpekalongan,koermao,75,1/14/2021 8:31,1/19/2021 23:07
206,ppnpekalongan,pemkotpkl,75,1/14/2021 8:31,1/19/2021 23:07
207,djunita16,a_christyjkt48,76,1/14/2021 8:33,1/19/2021 23:07
208,djunita16,l_marshajkt48,76,1/14/2021 8:33,1/19/2021 23:07
209,djunita16,f_fenijkt48,76,1/14/2021 8:33,1/19/2021 23:07
210,worldofmkl,katadatacoid,77,1/14/2021 9:34,1/19/2021 23:07
211,herusutadi,telko_id,78,1/14/2021 10:15,1/19/2021 23:07
212,ary_moto,dew0w1snu,79,1/14/2021 11:19,1/19/2021 23:07
213,ary_moto,sadgirls76,79,1/14/2021 11:19,1/19/2021 23:07
214,ary_moto,yukiiama,79,1/14/2021 11:19,1/19/2021 23:07
215,ary_moto,jokowi,79,1/14/2021 11:19,1/19/2021 23:07
216,ary_moto,tej0kusum0jati,79,1/14/2021 11:19,1/19/2021 23:07
217,ttriyanto,kontannews,80,1/14/2021 12:34,1/19/2021 23:07
218,hariskunaifi,choirilakbar6,81,1/14/2021 17:35,1/19/2021 23:07
219,hariskunaifi,dpmdjatim,81,1/14/2021 17:35,1/19/2021 23:07
220,hariskunaifi,p3mdbanyuwangi,81,1/14/2021 17:35,1/19/2021 23:07
221,hariskunaifi,dpmdandesa_bwi,81,1/14/2021 17:35,1/19/2021 23:07
222,hariskunaifi,kpw4jatim,81,1/14/2021 17:35,1/19/2021 23:07
223,kompasdata,ainiwirda,82,1/14/2021 19:22,1/19/2021 23:07
224,aminiskandar,mnownews,83,1/14/2021 20:18,1/19/2021 23:07
225,aryprasetyo85,joentakriver,84,1/14/2021 20:54,1/19/2021 23:07
226,aryprasetyo85,b3doel_,84,1/14/2021 20:54,1/19/2021 23:07
227,aryprasetyo85,dsutiyanti,84,1/14/2021 20:54,1/19/2021 23:07
228,coreindonesia,katadatacoid,85,1/14/2021 21:51,1/19/2021 23:07
229,coreindonesia,yusufrmanilet,85,1/14/2021 21:51,1/19/2021 23:07
230,coreindonesia,yusufrmanilet,86,1/14/2021 21:59,1/19/2021 23:07
231,coreindonesia,berita_rmol,86,1/14/2021 21:59,1/19/2021 23:07
232,monitorcoid,monitorcoid,87,1/14/2021 22:51,1/19/2021 23:07
233,donjuanx8,librawati5,88,1/14/2021 23:06,1/19/2021 23:07
234,donjuanx8,rosequ7,88,1/14/2021 23:06,1/19/2021 23:07
235,donjuanx8,momcill,88,1/14/2021 23:06,1/19/2021 23:07
236,donjuanx8,satyajogja_,88,1/14/2021 23:06,1/19/2021 23:07
237,donjuanx8,nyapenyap,88,1/14/2021 23:06,1/19/2021 23:07
238,donjuanx8,sulistyo_tantry,88,1/14/2021 23:06,1/19/2021 23:07
239,donjuanx8,anaesterlin,88,1/14/2021 23:06,1/19/2021 23:07
240,donjuanx8,ramahtianz,88,1/14/2021 23:06,1/19/2021 23:07
241,donjuanx8,kaum_pusing,88,1/14/2021 23:06,1/19/2021 23:07
242,donjuanx8,arfa1993,88,1/14/2021 23:06,1/19/2021 23:07
243,donjuanx8,aryprasetyo85,88,1/14/2021 23:06,1/19/2021 23:07
244,donjuanx8,bprima777,88,1/14/2021 23:06,1/19/2021 23:07
245,donjuanx8,rekjans,88,1/14/2021 23:06,1/19/2021 23:07
246,set_dpubmckjtg,dpubmckjateng,89,1/14/2021 23:39,1/19/2021 23:07
247,suka_puring,b3doel_,90,1/15/2021 0:10,1/19/2021 23:07
248,suka_puring,joentakriver,90,1/15/2021 0:10,1/19/2021 23:07
249,suka_puring,dsutiyanti,90,1/15/2021 0:10,1/19/2021 23:07
250,coreindonesia,medcom_id,91,1/15/2021 0:11,1/19/2021 23:07
251,sakuinformasi,ppatk,92,1/15/2021 0:33,1/19/2021 23:07
252,arismanan_m,kemendesa,93,1/15/2021 1:15,1/19/2021 23:07
253,arismanan_m,malik_haramain,93,1/15/2021 1:15,1/19/2021 23:07
254,arismanan_m,berandadesaid,93,1/15/2021 1:15,1/19/2021 23:07
255,arismanan_m,tppkemendes,93,1/15/2021 1:15,1/19/2021 23:07
256,arismanan_m,halimiskandarnu,93,1/15/2021 1:15,1/19/2021 23:07
257,arismanan_m,jokowi,93,1/15/2021 1:15,1/19/2021 23:07
258,arismanan_m,kpp_pa,93,1/15/2021 1:15,1/19/2021 23:07
259,arismanan_m,azzameldzikrie,93,1/15/2021 1:15,1/19/2021 23:07
260,arismanan_m,taufikmadjid71,93,1/15/2021 1:15,1/19/2021 23:07
261,arismanan_m,fachrilabalado,93,1/15/2021 1:15,1/19/2021 23:07
262,arismanan_m,yusradaridesa,93,1/15/2021 1:15,1/19/2021 23:07
263,arismanan_m,imansyukri,93,1/15/2021 1:15,1/19/2021 23:07
264,mustakimdahari,fachrilabalado,94,1/15/2021 1:21,1/19/2021 23:07
265,mustakimdahari,jokowi,94,1/15/2021 1:21,1/19/2021 23:07
266,mustakimdahari,malik_haramain,94,1/15/2021 1:21,1/19/2021 23:07
267,mustakimdahari,tppkemendes,94,1/15/2021 1:21,1/19/2021 23:07
268,mustakimdahari,halimiskandarnu,94,1/15/2021 1:21,1/19/2021 23:07
269,mustakimdahari,kemendesa,94,1/15/2021 1:21,1/19/2021 23:07
270,mustakimdahari,taufikmadjid71,94,1/15/2021 1:21,1/19/2021 23:07
271,nirwanzulkifli,taufikmadjid71,95,1/15/2021 1:22,1/19/2021 23:07
272,nirwanzulkifli,azzahramel,95,1/15/2021 1:22,1/19/2021 23:07
273,nirwanzulkifli,tppkemendes,95,1/15/2021 1:22,1/19/2021 23:07
274,nirwanzulkifli,fachrilabalado,95,1/15/2021 1:22,1/19/2021 23:07
275,nirwanzulkifli,halimiskandarnu,95,1/15/2021 1:22,1/19/2021 23:07
276,nirwanzulkifli,malik_haramain,95,1/15/2021 1:22,1/19/2021 23:07
277,nirwanzulkifli,imamsyukri,95,1/15/2021 1:22,1/19/2021 23:07
278,nirwanzulkifli,p3md_sulsel,95,1/15/2021 1:22,1/19/2021 23:07
279,nirwanzulkifli,jokowi,95,1/15/2021 1:22,1/19/2021 23:07
280,nirwanzulkifli,kemendesa,95,1/15/2021 1:22,1/19/2021 23:07
281,andiante70,imansyukri,96,1/15/2021 1:28,1/19/2021 23:07
282,andiante70,kemendesa,96,1/15/2021 1:28,1/19/2021 23:07
283,andiante70,malik_haramain,96,1/15/2021 1:28,1/19/2021 23:07
284,andiante70,berandadesaid,96,1/15/2021 1:28,1/19/2021 23:07
285,andiante70,tppkemendes,96,1/15/2021 1:28,1/19/2021 23:07
286,andiante70,halimiskandarnu,96,1/15/2021 1:28,1/19/2021 23:07
287,andiante70,jokowi,96,1/15/2021 1:28,1/19/2021 23:07
288,andiante70,kpp_pa,96,1/15/2021 1:28,1/19/2021 23:07
289,andiante70,azzameldzikrie,96,1/15/2021 1:28,1/19/2021 23:07
290,andiante70,taufikmadjid71,96,1/15/2021 1:28,1/19/2021 23:07
291,andiante70,fachrilabalado,96,1/15/2021 1:28,1/19/2021 23:07
292,akhmadsuryant10,halimiskandarnu,97,1/15/2021 1:42,1/19/2021 23:07
293,akhmadsuryant10,jokowi,97,1/15/2021 1:42,1/19/2021 23:07
294,akhmadsuryant10,kpp_pa,97,1/15/2021 1:42,1/19/2021 23:07
295,akhmadsuryant10,azzameldzikrie,97,1/15/2021 1:42,1/19/2021 23:07
296,akhmadsuryant10,taufikmadjid71,97,1/15/2021 1:42,1/19/2021 23:07
297,akhmadsuryant10,fachrilabalado,97,1/15/2021 1:42,1/19/2021 23:07
298,akhmadsuryant10,imansyukri,97,1/15/2021 1:42,1/19/2021 23:07
299,akhmadsuryant10,kemendesa,97,1/15/2021 1:42,1/19/2021 23:07
300,akhmadsuryant10,malik_haramain,97,1/15/2021 1:42,1/19/2021 23:07
301,akhmadsuryant10,berandadesaid,97,1/15/2021 1:42,1/19/2021 23:07
302,akhmadsuryant10,tppkemendes,97,1/15/2021 1:42,1/19/2021 23:07
303,mecky_tumbuan,berandadesaid,98,1/15/2021 1:45,1/19/2021 23:07
304,mecky_tumbuan,tppkemendes,98,1/15/2021 1:45,1/19/2021 23:07
305,mecky_tumbuan,halimiskandarnu,98,1/15/2021 1:45,1/19/2021 23:07
306,mecky_tumbuan,jokowi,98,1/15/2021 1:45,1/19/2021 23:07
307,mecky_tumbuan,kpp_pa,98,1/15/2021 1:45,1/19/2021 23:07
308,mecky_tumbuan,azzameldzikrie,98,1/15/2021 1:45,1/19/2021 23:07
309,mecky_tumbuan,taufikmadjid71,98,1/15/2021 1:45,1/19/2021 23:07
310,mecky_tumbuan,fachrilabalado,98,1/15/2021 1:45,1/19/2021 23:07
311,mecky_tumbuan,imansyukri,98,1/15/2021 1:45,1/19/2021 23:07
312,mecky_tumbuan,kemendesa,98,1/15/2021 1:45,1/19/2021 23:07
313,mecky_tumbuan,malik_haramain,98,1/15/2021 1:45,1/19/2021 23:07
314,1071klitefm,1071klitefm,99,1/15/2021 1:47,1/19/2021 23:07
315,nirwanzulkifli,kpp_pa,100,1/15/2021 2:06,1/19/2021 23:07
316,nirwanzulkifli,halimiskandarnu,100,1/15/2021 2:06,1/19/2021 23:07
317,nirwanzulkifli,malik_haramain,100,1/15/2021 2:06,1/19/2021 23:07
318,nirwanzulkifli,imamsyukri,100,1/15/2021 2:06,1/19/2021 23:07
319,nirwanzulkifli,jokowi,100,1/15/2021 2:06,1/19/2021 23:07
320,nirwanzulkifli,kemendesa,100,1/15/2021 2:06,1/19/2021 23:07
321,nirwanzulkifli,taufikmadjid71,100,1/15/2021 2:06,1/19/2021 23:07
322,nirwanzulkifli,berandadesaid,100,1/15/2021 2:06,1/19/2021 23:07
323,nirwanzulkifli,tppkemendes,100,1/15/2021 2:06,1/19/2021 23:07
324,nirwanzulkifli,fachrilabalado,100,1/15/2021 2:06,1/19/2021 23:07
325,erickfe73143107,polres_karimun,101,1/15/2021 2:22,1/19/2021 23:07
326,erickfe73143107,adenan_as,101,1/15/2021 2:22,1/19/2021 23:07
327,erickfe73143107,rickytelor,101,1/15/2021 2:22,1/19/2021 23:07
328,rahmat_kaisar02,malik_haramain,102,1/15/2021 2:49,1/19/2021 23:07
329,rahmat_kaisar02,berandadesaid,102,1/15/2021 2:49,1/19/2021 23:07
330,rahmat_kaisar02,tppisultra,102,1/15/2021 2:49,1/19/2021 23:07
331,rahmat_kaisar02,halimiskandarnu,102,1/15/2021 2:49,1/19/2021 23:07
332,rahmat_kaisar02,jokowi,102,1/15/2021 2:49,1/19/2021 23:07
333,rahmat_kaisar02,kpp_pa,102,1/15/2021 2:49,1/19/2021 23:07
334,rahmat_kaisar02,azzameldzikrie,102,1/15/2021 2:49,1/19/2021 23:07
335,rahmat_kaisar02,taufikmadjid71,102,1/15/2021 2:49,1/19/2021 23:07
336,rahmat_kaisar02,fachrilabalado,102,1/15/2021 2:49,1/19/2021 23:07
337,rahmat_kaisar02,tppkemendes,102,1/15/2021 2:49,1/19/2021 23:07
338,rahmat_kaisar02,imansyukri,102,1/15/2021 2:49,1/19/2021 23:07
339,rahmat_kaisar02,kemendesa,102,1/15/2021 2:49,1/19/2021 23:07
340,buryanwahid2,azzameldzikrie,103,1/15/2021 3:08,1/19/2021 23:07
341,buryanwahid2,taufikmajid,103,1/15/2021 3:08,1/19/2021 23:07
342,buryanwahid2,fachrilabalado,103,1/15/2021 3:08,1/19/2021 23:07
343,buryanwahid2,yusradaridesa,103,1/15/2021 3:08,1/19/2021 23:07
344,buryanwahid2,imansyukri,103,1/15/2021 3:08,1/19/2021 23:07
345,buryanwahid2,kemendesa,103,1/15/2021 3:08,1/19/2021 23:07
346,buryanwahid2,malik_haramain,103,1/15/2021 3:08,1/19/2021 23:07
347,buryanwahid2,berandadesaid,103,1/15/2021 3:08,1/19/2021 23:07
348,buryanwahid2,tppkemendes,103,1/15/2021 3:08,1/19/2021 23:07
349,buryanwahid2,halimiskandarnu,103,1/15/2021 3:08,1/19/2021 23:07
350,buryanwahid2,jokowi,103,1/15/2021 3:08,1/19/2021 23:07
351,buryanwahid2,kpp_pa,103,1/15/2021 3:08,1/19/2021 23:07
352,kemenkeuri,kemenpu,104,1/15/2021 3:11,1/19/2021 23:07
353,kemenkeuri,jokowi,104,1/15/2021 3:11,1/19/2021 23:07
354,cahyonokw,m_umejkt48,105,1/15/2021 3:11,1/19/2021 23:07
355,cahyonokw,k_febijkt48,105,1/15/2021 3:11,1/19/2021 23:07
356,cahyonokw,n_arajkt48,105,1/15/2021 3:11,1/19/2021 23:07
357,desynovia11,ayen_jkt48,106,1/15/2021 3:16,1/19/2021 23:07
358,desynovia11,rclnatasyaa,106,1/15/2021 3:16,1/19/2021 23:07
359,desynovia11,najwashihab,106,1/15/2021 3:16,1/19/2021 23:07
360,sugiart23088770,halimiskandarnu,107,1/15/2021 3:17,1/19/2021 23:07
361,sugiart23088770,jokowi,107,1/15/2021 3:17,1/19/2021 23:07
362,sugiart23088770,kpp_pa,107,1/15/2021 3:17,1/19/2021 23:07
363,sugiart23088770,azzameldzikrie,107,1/15/2021 3:17,1/19/2021 23:07
364,sugiart23088770,taufikmadjid71,107,1/15/2021 3:17,1/19/2021 23:07
365,sugiart23088770,fachrilabalado,107,1/15/2021 3:17,1/19/2021 23:07
366,sugiart23088770,tppkemendes,107,1/15/2021 3:17,1/19/2021 23:07
367,sugiart23088770,imansyukri,107,1/15/2021 3:17,1/19/2021 23:07
368,sugiart23088770,kemendesa,107,1/15/2021 3:17,1/19/2021 23:07
369,sugiart23088770,malik_haramain,107,1/15/2021 3:17,1/19/2021 23:07
370,sugiart23088770,berandadesaid,107,1/15/2021 3:17,1/19/2021 23:07
371,sugiart23088770,tppisultra,107,1/15/2021 3:17,1/19/2021 23:07
372,jefri_tftt,polres_karimun,108,1/15/2021 3:23,1/19/2021 23:07
373,jefri_tftt,rickytelor,108,1/15/2021 3:23,1/19/2021 23:07
374,jefri_tftt,adenan_as,108,1/15/2021 3:23,1/19/2021 23:07
375,jefri_tftt,adenan_as,109,1/15/2021 3:23,1/19/2021 23:07
376,jefri_tftt,polres_karimun,109,1/15/2021 3:23,1/19/2021 23:07
377,jefri_tftt,rickytelor,109,1/15/2021 3:23,1/19/2021 23:07
378,jefri_tftt,polres_karimun,110,1/15/2021 3:24,1/19/2021 23:07
379,jefri_tftt,rickytelor,110,1/15/2021 3:24,1/19/2021 23:07
380,jefri_tftt,adenan_as,110,1/15/2021 3:24,1/19/2021 23:07
381,jefri_tftt,adenan_as,111,1/15/2021 3:24,1/19/2021 23:07
382,jefri_tftt,polres_karimun,111,1/15/2021 3:24,1/19/2021 23:07
383,jefri_tftt,rickytelor,111,1/15/2021 3:24,1/19/2021 23:07
384,yudaaprilian12,c_indahjkt48,112,1/15/2021 3:25,1/19/2021 23:07
385,yudaaprilian12,_demianaditya_,112,1/15/2021 3:25,1/19/2021 23:07
386,yudaaprilian12,r_indyjkt48,112,1/15/2021 3:25,1/19/2021 23:07
387,bnoe_abdi,kemendesa,113,1/15/2021 3:39,1/19/2021 23:07
388,bnoe_abdi,malik_haramain,113,1/15/2021 3:39,1/19/2021 23:07
389,bnoe_abdi,berandadesaid,113,1/15/2021 3:39,1/19/2021 23:07
390,bnoe_abdi,tppkemendes,113,1/15/2021 3:39,1/19/2021 23:07
391,bnoe_abdi,halimiskandarnu,113,1/15/2021 3:39,1/19/2021 23:07
392,bnoe_abdi,jokowi,113,1/15/2021 3:39,1/19/2021 23:07
393,bnoe_abdi,kpp_pa,113,1/15/2021 3:39,1/19/2021 23:07
394,bnoe_abdi,azzameldzikrie,113,1/15/2021 3:39,1/19/2021 23:07
395,bnoe_abdi,taufikmadjid71,113,1/15/2021 3:39,1/19/2021 23:07
396,bnoe_abdi,fachrilabalado,113,1/15/2021 3:39,1/19/2021 23:07
397,bnoe_abdi,yusradaridesa,113,1/15/2021 3:39,1/19/2021 23:07
398,bnoe_abdi,imansyukri,113,1/15/2021 3:39,1/19/2021 23:07
399,indopolitika,indopolitika,114,1/15/2021 3:53,1/19/2021 23:07
400,djpb_aceh,kemenpu,115,1/15/2021 3:54,1/19/2021 23:07
401,djpb_aceh,jokowi,115,1/15/2021 3:54,1/19/2021 23:07
402,aminakram_,pksejahtera,116,1/15/2021 4:35,1/19/2021 23:07
403,aminakram_,fpksdprri,116,1/15/2021 4:35,1/19/2021 23:07
404,langittarigan,polres_karimun,117,1/15/2021 4:56,1/19/2021 23:07
405,langittarigan,adenan_as,117,1/15/2021 4:56,1/19/2021 23:07
406,langittarigan,rickytelor,117,1/15/2021 4:56,1/19/2021 23:07
407,namekenotbleng,info_senator,118,1/15/2021 5:00,1/19/2021 23:07
408,namekenotbleng,dpdri,118,1/15/2021 5:00,1/19/2021 23:07
409,namekenotbleng,kemendag,118,1/15/2021 5:00,1/19/2021 23:07
410,namekenotbleng,forumsumbar,118,1/15/2021 5:00,1/19/2021 23:07
411,namekenotbleng,kemenpu,118,1/15/2021 5:00,1/19/2021 23:07
412,namekenotbleng,fparlemen,118,1/15/2021 5:00,1/19/2021 23:07
413,namekenotbleng,koncolanyalla,118,1/15/2021 5:00,1/19/2021 23:07
414,namekenotbleng,lanyallamm1,118,1/15/2021 5:00,1/19/2021 23:07
415,namekenotbleng,sahabatlanyalla,118,1/15/2021 5:00,1/19/2021 23:07
416,suryamalangcom,suryamalangcom,119,1/15/2021 5:10,1/19/2021 23:07
417,indoict,indoict,120,1/15/2021 6:11,1/19/2021 23:07
418,indoict,indoict,121,1/15/2021 6:12,1/19/2021 23:07
419,monitorcoid,monitorcoid,122,1/15/2021 6:19,1/19/2021 23:07
420,herusutadi,hariankompas,123,1/15/2021 6:57,1/19/2021 23:07
421,wartatasikcom,wartatasikcom,124,1/15/2021 7:14,1/19/2021 23:07
422,dr_koko28,jokowi,125,1/15/2021 7:25,1/19/2021 23:07
423,rockysp7,rickytelor,126,1/15/2021 7:41,1/19/2021 23:07
424,rockysp7,polres_karimun,126,1/15/2021 7:41,1/19/2021 23:07
425,rockysp7,adenan_as,126,1/15/2021 7:41,1/19/2021 23:07
426,casanovax8x,rosequ7,127,1/15/2021 7:59,1/19/2021 23:07
427,casanovax8x,momcill,127,1/15/2021 7:59,1/19/2021 23:07
428,casanovax8x,sulistyo_tantry,127,1/15/2021 7:59,1/19/2021 23:07
429,casanovax8x,nyapenyap,127,1/15/2021 7:59,1/19/2021 23:07
430,casanovax8x,ramahtianz,127,1/15/2021 7:59,1/19/2021 23:07
431,casanovax8x,kaum_pusing,127,1/15/2021 7:59,1/19/2021 23:07
432,casanovax8x,anaesterlin,127,1/15/2021 7:59,1/19/2021 23:07
433,casanovax8x,arfa1993,127,1/15/2021 7:59,1/19/2021 23:07
434,casanovax8x,bprima777,127,1/15/2021 7:59,1/19/2021 23:07
435,casanovax8x,rekjans,127,1/15/2021 7:59,1/19/2021 23:07
436,casanovax8x,librawati5,127,1/15/2021 7:59,1/19/2021 23:07
437,edywiyanto18,rickytelor,128,1/15/2021 8:05,1/19/2021 23:07
438,edywiyanto18,adenan_as,128,1/15/2021 8:05,1/19/2021 23:07
439,edywiyanto18,polres_karimun,128,1/15/2021 8:05,1/19/2021 23:07
440,edywiyanto18,polres_karimun,129,1/15/2021 8:05,1/19/2021 23:07
441,edywiyanto18,rickytelor,129,1/15/2021 8:05,1/19/2021 23:07
442,edywiyanto18,adenan_as,129,1/15/2021 8:05,1/19/2021 23:07
443,edywiyanto18,adenan_as,130,1/15/2021 8:05,1/19/2021 23:07
444,edywiyanto18,polres_karimun,130,1/15/2021 8:05,1/19/2021 23:07
445,edywiyanto18,rickytelor,130,1/15/2021 8:05,1/19/2021 23:07
446,edywiyanto18,polres_karimun,131,1/15/2021 8:05,1/19/2021 23:07
447,edywiyanto18,rickytelor,131,1/15/2021 8:05,1/19/2021 23:07
448,edywiyanto18,adenan_as,131,1/15/2021 8:05,1/19/2021 23:07
449,erikrizal1,adenan_as,132,1/15/2021 8:28,1/19/2021 23:07
450,erikrizal1,rickytelor,132,1/15/2021 8:28,1/19/2021 23:07
451,erikrizal1,polres_karimun,132,1/15/2021 8:28,1/19/2021 23:07
452,dhinijogja,jokowi,133,1/15/2021 8:42,1/19/2021 23:07
453,revenge00810455,jokowi,134,1/15/2021 9:24,1/19/2021 23:07
454,newsmerahputih,huaweimobileid,135,1/15/2021 11:15,1/19/2021 23:07
455,astarte2017,jokowi,136,1/15/2021 11:28,1/19/2021 23:07
456,mamavanenbas,kemenpu,137,1/15/2021 12:29,1/19/2021 23:07
457,mamavanenbas,jokowi,137,1/15/2021 12:29,1/19/2021 23:07
458,anshory72,youtube,138,1/15/2021 19:41,1/19/2021 23:07
459,karaniya,jokowi,139,1/15/2021 20:31,1/19/2021 23:07
460,karimun_polres,adenan_as,140,1/15/2021 21:12,1/19/2021 23:07
461,karimun_polres,rickytelor,140,1/15/2021 21:12,1/19/2021 23:07
462,karimun_polres,polres_karimun,140,1/15/2021 21:12,1/19/2021 23:07
463,karimun_polres,rickytelor,141,1/15/2021 21:12,1/19/2021 23:07
464,karimun_polres,polres_karimun,141,1/15/2021 21:12,1/19/2021 23:07
465,karimun_polres,adenan_as,141,1/15/2021 21:12,1/19/2021 23:07
466,karimun_polres,adenan_as,142,1/15/2021 21:13,1/19/2021 23:07
467,karimun_polres,rickytelor,142,1/15/2021 21:13,1/19/2021 23:07
468,karimun_polres,polres_karimun,142,1/15/2021 21:13,1/19/2021 23:07
469,essiyzi,kadrungada_0tak,143,1/15/2021 21:39,1/19/2021 23:07
470,essiyzi,donjuanx8,143,1/15/2021 21:39,1/19/2021 23:07
471,doniisw09265741,polres_karimun,144,1/15/2021 21:47,1/19/2021 23:07
472,doniisw09265741,adenan_as,144,1/15/2021 21:47,1/19/2021 23:07
473,doniisw09265741,rickytelor,144,1/15/2021 21:47,1/19/2021 23:07
474,suryad23461162,adenan_as,145,1/15/2021 22:29,1/19/2021 23:07
475,suryad23461162,polres_karimun,145,1/15/2021 22:29,1/19/2021 23:07
476,suryad23461162,rickytelor,145,1/15/2021 22:29,1/19/2021 23:07
477,suryad23461162,polres_karimun,146,1/15/2021 22:29,1/19/2021 23:07
478,suryad23461162,rickytelor,146,1/15/2021 22:29,1/19/2021 23:07
479,suryad23461162,adenan_as,146,1/15/2021 22:29,1/19/2021 23:07
480,suryad23461162,adenan_as,147,1/15/2021 22:29,1/19/2021 23:07
481,suryad23461162,polres_karimun,147,1/15/2021 22:29,1/19/2021 23:07
482,suryad23461162,rickytelor,147,1/15/2021 22:29,1/19/2021 23:07
483,suryad23461162,rickytelor,148,1/15/2021 22:30,1/19/2021 23:07
484,suryad23461162,adenan_as,148,1/15/2021 22:30,1/19/2021 23:07
485,suryad23461162,polres_karimun,148,1/15/2021 22:30,1/19/2021 23:07
486,coreindonesia,akuratco,149,1/15/2021 22:32,1/19/2021 23:07
487,coreindonesia,yusufrmanilet,149,1/15/2021 22:32,1/19/2021 23:07
488,sehatakal65,adenan_as,150,1/15/2021 23:11,1/19/2021 23:07
489,sehatakal65,rickytelor,150,1/15/2021 23:11,1/19/2021 23:07
490,sehatakal65,polres_karimun,150,1/15/2021 23:11,1/19/2021 23:07
491,modalkuid,ojkindonesia,151,1/15/2021 23:42,1/19/2021 23:07
492,colinrohankw,jokowi,152,1/16/2021 0:59,1/19/2021 23:07
493,aprillagiaza,jokowi,153,1/16/2021 2:02,1/19/2021 23:07
494,indoict,indoict,154,1/16/2021 2:20,1/19/2021 23:07
495,ayunnia_ayunia,jokowi,155,1/16/2021 3:36,1/19/2021 23:07
496,vanessanotangel,jokowi,156,1/16/2021 4:16,1/19/2021 23:07
497,dzulfarith,najibrazak,157,1/16/2021 6:24,1/19/2021 23:07
498,coreindonesia,antaranews,158,1/16/2021 7:18,1/19/2021 23:07
499,coreindonesia,yusufrmanilet,158,1/16/2021 7:18,1/19/2021 23:07
500,coreindonesia,yusufrmanilet,159,1/16/2021 7:24,1/19/2021 23:07
501,coreindonesia,investorid,159,1/16/2021 7:24,1/19/2021 23:07
502,masmukhlish182,halimiskandarnu,160,1/16/2021 8:22,1/19/2021 23:07
503,masmukhlish182,jokowi,160,1/16/2021 8:22,1/19/2021 23:07
504,pirmanlazr,jokowi,161,1/16/2021 8:43,1/19/2021 23:07
505,rakyatmerdeka99,sandiuno,162,1/16/2021 20:55,1/19/2021 23:07
506,donjuanx8,arfa1993,163,1/16/2021 21:49,1/19/2021 23:07
507,donjuanx8,aryprasetyo85,163,1/16/2021 21:49,1/19/2021 23:07
508,donjuanx8,bprima777,163,1/16/2021 21:49,1/19/2021 23:07
509,donjuanx8,rekjans,163,1/16/2021 21:49,1/19/2021 23:07
510,donjuanx8,librawati5,163,1/16/2021 21:49,1/19/2021 23:07
511,donjuanx8,rosequ7,163,1/16/2021 21:49,1/19/2021 23:07
512,donjuanx8,momcill,163,1/16/2021 21:49,1/19/2021 23:07
513,donjuanx8,satyajogja_,163,1/16/2021 21:49,1/19/2021 23:07
514,donjuanx8,nyapenyap,163,1/16/2021 21:49,1/19/2021 23:07
515,donjuanx8,jokowi,163,1/16/2021 21:49,1/19/2021 23:07
516,donjuanx8,sulistyo_tantry,163,1/16/2021 21:49,1/19/2021 23:07
517,donjuanx8,anaesterlin,163,1/16/2021 21:49,1/19/2021 23:07
518,andira_885,jokowi,164,1/16/2021 22:18,1/19/2021 23:07
519,cnnidinsight,desianwar,165,1/17/2021 2:00,1/19/2021 23:07
520,cnnidinsight,transvisionid,165,1/17/2021 2:00,1/19/2021 23:07
521,naomijolanda,axelbe7,166,1/17/2021 2:04,1/19/2021 23:07
522,naomijolanda,naomiqueensha,166,1/17/2021 2:04,1/19/2021 23:07
523,cnnidinsight,desianwar,167,1/17/2021 4:00,1/19/2021 23:07
524,koranbumn,kemenkeuri,168,1/17/2021 5:55,1/19/2021 23:07
525,koranbumn,ojkindonesia,168,1/17/2021 5:55,1/19/2021 23:07
526,yradianto,info_binamarga,169,1/17/2021 8:20,1/19/2021 23:07
527,casanovax8x,anaesterlin,170,1/17/2021 8:32,1/19/2021 23:07
528,casanovax8x,arfa1993,170,1/17/2021 8:32,1/19/2021 23:07
529,casanovax8x,bprima777,170,1/17/2021 8:32,1/19/2021 23:07
530,casanovax8x,rekjans,170,1/17/2021 8:32,1/19/2021 23:07
531,casanovax8x,librawati5,170,1/17/2021 8:32,1/19/2021 23:07
532,casanovax8x,rosequ7,170,1/17/2021 8:32,1/19/2021 23:07
533,casanovax8x,momcill,170,1/17/2021 8:32,1/19/2021 23:07
534,casanovax8x,sulistyo_tantry,170,1/17/2021 8:32,1/19/2021 23:07
535,casanovax8x,nyapenyap,170,1/17/2021 8:32,1/19/2021 23:07
536,casanovax8x,jokowi,170,1/17/2021 8:32,1/19/2021 23:07
537,dhinijogja,pelajar_tawakal,171,1/17/2021 9:29,1/19/2021 23:07
538,dhinijogja,dew0w1snu,171,1/17/2021 9:29,1/19/2021 23:07
539,dhinijogja,jokowi,171,1/17/2021 9:29,1/19/2021 23:07
540,dhinijogja,teekuz,171,1/17/2021 9:29,1/19/2021 23:07
541,monitorcoid,monitorcoid,172,1/17/2021 10:45,1/19/2021 23:07
542,azrulaaminullah,jokowi,173,1/17/2021 10:58,1/19/2021 23:07
543,pengawal_jokowi,jokowi,174,1/17/2021 11:02,1/19/2021 23:07
544,pengawal_jokowi,kemenpu,174,1/17/2021 11:02,1/19/2021 23:07
545,pitriwoe,kpp_pa,175,1/17/2021 19:34,1/19/2021 23:07
546,pitriwoe,tppkemendes,175,1/17/2021 19:34,1/19/2021 23:07
547,pitriwoe,halimiskandarnu,175,1/17/2021 19:34,1/19/2021 23:07
548,pitriwoe,kemendesa,175,1/17/2021 19:34,1/19/2021 23:07
549,pitriwoe,taufikmajid,175,1/17/2021 19:34,1/19/2021 23:07
550,pitriwoe,berandadesaid,175,1/17/2021 19:34,1/19/2021 23:07
551,pitriwoe,jokowi,175,1/17/2021 19:34,1/19/2021 23:07
552,pujanggasangpu,jokowi,176,1/17/2021 19:50,1/19/2021 23:07
553,anwarmbatu,jokowi,177,1/17/2021 20:05,1/19/2021 23:07
554,ana_nfn,jokowi,178,1/17/2021 20:12,1/19/2021 23:07
555,kompasklasika,hariankompas,179,1/17/2021 20:30,1/19/2021 23:07
556,acuantodaycom,usa_china_talk,180,1/17/2021 22:16,1/19/2021 23:07
557,leilamajnun1,smalakiano,181,1/17/2021 22:57,1/19/2021 23:07
558,leilamajnun1,jjrizal,181,1/17/2021 22:57,1/19/2021 23:07
559,leilamajnun1,wimar,181,1/17/2021 22:57,1/19/2021 23:07
560,harianbatampos,harianbatampos,182,1/17/2021 23:01,1/19/2021 23:07
561,rakyatmerdeka99,prabowo,183,1/17/2021 23:10,1/19/2021 23:07
562,rakyatmerdeka99,suharso_m,183,1/17/2021 23:10,1/19/2021 23:07
563,tribun_jakarta,tribunnews,184,1/17/2021 23:32,1/19/2021 23:07
564,lingsirweng1,evan_dd,185,1/18/2021 0:58,1/19/2021 23:07
565,lingsirweng1,irfanbachdim10,185,1/18/2021 0:58,1/19/2021 23:07
566,lingsirweng1,fajaralviaan,185,1/18/2021 0:58,1/19/2021 23:07
567,lingsirweng1,sinisukaanthony,185,1/18/2021 0:58,1/19/2021 23:07
568,indoict,indoict,186,1/18/2021 2:16,1/19/2021 23:07
569,iraskaminsky,jokowi,187,1/18/2021 2:45,1/19/2021 23:07
570,masxruhan,jokowi,188,1/18/2021 3:02,1/19/2021 23:07
571,tribunjualbeli,tribunjualbeli,189,1/18/2021 3:06,1/19/2021 23:07
572,boyoung_min,inseluccy1st,190,1/18/2021 3:12,1/19/2021 23:07
573,ariandiputra8,jokowi,191,1/18/2021 5:18,1/19/2021 23:07
574,worldofmkl,katadatacoid,192,1/18/2021 6:56,1/19/2021 23:07
575,robertadhiksp,hariankompas,193,1/18/2021 7:40,1/19/2021 23:07
576,tolakbigotnkri,nety_rusi,194,1/18/2021 9:46,1/19/2021 23:07
577,tolakbigotnkri,suharso_m,194,1/18/2021 9:46,1/19/2021 23:07
578,tolakbigotnkri,03__nakula,194,1/18/2021 9:46,1/19/2021 23:07
579,yurrinurnazz_,katadatacoid,195,1/18/2021 13:30,1/19/2021 23:07
580,johanadhi,aswicahyono,196,1/18/2021 18:35,1/19/2021 23:07
581,johanadhi,edykrit22,196,1/18/2021 18:35,1/19/2021 23:07
582,johanadhi,kangd3ni,196,1/18/2021 18:35,1/19/2021 23:07
583,johanadhi,rahayupuspa7,196,1/18/2021 18:35,1/19/2021 23:07
584,johanadhi,chatibbasri,196,1/18/2021 18:35,1/19/2021 23:07
585,johanadhi,faisalbasri,196,1/18/2021 18:35,1/19/2021 23:07
586,johanadhi,presidenetizen,196,1/18/2021 18:35,1/19/2021 23:07
587,johanadhi,ramlirizal,196,1/18/2021 18:35,1/19/2021 23:07
588,dosan_jae,da2_ridho,197,1/18/2021 22:46,1/19/2021 23:07
589,dosan_jae,novitaangie,197,1/18/2021 22:46,1/19/2021 23:07
590,dosan_jae,bramastaverrell,197,1/18/2021 22:46,1/19/2021 23:07
591,dosan_jae,mieke_amalia,197,1/18/2021 22:46,1/19/2021 23:07
592,tyson_tysonn,indraherlambang,198,1/18/2021 22:53,1/19/2021 23:07
593,tyson_tysonn,becktum,198,1/18/2021 22:53,1/19/2021 23:07
594,tyson_tysonn,yukikatou2,198,1/18/2021 22:53,1/19/2021 23:07
595,wati2sarah,okaantara,199,1/18/2021 22:59,1/19/2021 23:07
596,wati2sarah,uusbiasaaja,199,1/18/2021 22:59,1/19/2021 23:07
597,wati2sarah,gisel_la,199,1/18/2021 22:59,1/19/2021 23:07
598,wati2sarah,tasyakamila,199,1/18/2021 22:59,1/19/2021 23:07
599,wati2sarah,devamahenra,199,1/18/2021 22:59,1/19/2021 23:07
600,b3doel_,jokowi,200,1/19/2021 0:00,1/19/2021 23:07
601,cnnidinsight,desianwar,201,1/19/2021 0:26,1/19/2021 23:07
602,cnnidinsight,desianwar,202,1/19/2021 0:28,1/19/2021 23:07
603,keziaam0ur,null,203,1/19/2021 2:10,1/19/2021 23:07
604,ppk1_1jateng,dpubmckjateng,204,1/19/2021 5:24,1/19/2021 23:07
605,ppk1_1jateng,i_spjn,204,1/19/2021 5:24,1/19/2021 23:07
606,ppk1_1jateng,bbpjnjatengdiy,204,1/19/2021 5:24,1/19/2021 23:07
607,ppk1_1jateng,ganjar_pranowo,204,1/19/2021 5:24,1/19/2021 23:07
608,djpb_aceh,ir,205,1/19/2021 5:54,1/19/2021 23:07
609,newsurban_id,jokowi,206,1/19/2021 6:15,1/19/2021 23:07
610,newsurban_id,nurdinabdullahh,206,1/19/2021 6:15,1/19/2021 23:07
611,newsurban_id,husaindjunaid,206,1/19/2021 6:15,1/19/2021 23:07
612,newsurban_id,sulselprov,206,1/19/2021 6:15,1/19/2021 23:07
613,alicia2maria,anggun_cipta,207,1/19/2021 7:17,1/19/2021 23:07
614,alicia2maria,fero_walandouw,207,1/19/2021 7:17,1/19/2021 23:07
615,alicia2maria,ringgoagus,207,1/19/2021 7:17,1/19/2021 23:07
616,alicia2maria,sherinasinna,207,1/19/2021 7:17,1/19/2021 23:07
617,alicia2maria,amandamanopo,207,1/19/2021 7:17,1/19/2021 23:07
618,alicia2maria,armandmaulana,207,1/19/2021 7:17,1/19/2021 23:07
619,alicia2maria,olla_ramlan,207,1/19/2021 7:17,1/19/2021 23:07
620,alicia2maria,ruben_onsu,207,1/19/2021 7:17,1/19/2021 23:07
621,azizaanisa1,ruhutsitompul,208,1/19/2021 7:33,1/19/2021 23:07
622,azizaanisa1,hnurwahid,208,1/19/2021 7:33,1/19/2021 23:07
623,sindonews,univ_indonesia,209,1/19/2021 9:39,1/19/2021 23:07
624,kemenkeuri,djpprkemenkeu,210,1/19/2021 19:51,1/19/2021 23:07
625,alifkamal__,airlangga_hrt,211,1/19/2021 19:53,1/19/2021 23:07
626,djpb_aceh,djpprkemenkeu,212,1/19/2021 19:54,1/19/2021 23:07
627,suara_tv,suara_tv,213,1/19/2021 22:28,1/19/2021 23:07
628,suara_tv,tzafrul_aziz,213,1/19/2021 22:28,1/19/2021 23:07
629,sinar_masid,univ_indonesia,214,1/19/2021 22:48,1/19/2021 23:07
